{"cameraMode":{"drawMode":0,"name":"Shaded","section":"Shading Mode"},"sceneLighting":true,"audioPlay":false,"sceneViewState":{"m_AlwaysRefresh":false,"showFog":true,"showSkybox":true,"showFlares":true,"showImageEffects":true,"showParticleSystems":true,"showVisualEffectGraphs":true,"m_FxEnabled":true},"in2DMode":false,"pivot":{"x":0.7284607291221619,"y":2.376235246658325,"z":-4.566100597381592},"rotation":{"x":0.012082218192517758,"y":0.9299962520599365,"z":-0.030701013281941415,"w":0.3660721480846405},"size":1.2247449159622193,"orthographic":false}